requestor_id,requestor_name,requestor_type
RQ-101,Morrison & Pratt LLP,Plaintiff Attorney
RQ-102,Delgado Law Group,Plaintiff Attorney
RQ-103,Kessler Injury Attorneys,Plaintiff Attorney
RQ-104,Whitcombe & Rao,Defense Attorney
RQ-105,Brennan Hale PC,Plaintiff Attorney
RQ-106,Ostrowski Legal,Plaintiff Attorney
RQ-107,Park & Levine,Plaintiff Attorney
RQ-108,Salas Trial Lawyers,Plaintiff Attorney
RQ-109,Hudson Valley Injury Law,Plaintiff Attorney
RQ-110,Marchetti & Cole,Plaintiff Attorney
RQ-111,Ferris Nguyen LLP,Plaintiff Attorney
RQ-112,Abernathy Law,Plaintiff Attorney
RQ-113,Grayson Poole,Plaintiff Attorney
RQ-114,Tate & Winslow,Plaintiff Attorney
RQ-115,Lindqvist Defense,Defense Attorney
RQ-116,Carver Moss LLP,Defense Attorney
RQ-117,Iverson Goldberg,Plaintiff Attorney
RQ-118,Pruitt Legal Group,Plaintiff Attorney
RQ-119,Quinlan & Ames,Defense Attorney
RQ-120,Beaumont Stark,Plaintiff Attorney
RQ-121,RecordPoint Retrieval,Record Retrieval Co.
RQ-122,SwiftFile Records,Record Retrieval Co.
RQ-123,DocuTrace Services,Record Retrieval Co.
RQ-124,Keystone Record Retrieval,Record Retrieval Co.
RQ-125,ClearPath Records,Record Retrieval Co.
RQ-126,Summit Chart Services,Record Retrieval Co.
RQ-127,Pioneer Standard Insurance,Adverse Carrier
RQ-128,Lakeside Mutual,Adverse Carrier
RQ-129,Evergreen Casualty,Adverse Carrier
RQ-130,Sterling Auto Insurance,Adverse Carrier
RQ-131,NY WCB District Office,WC Board
RQ-132,NJ Division of Workers' Comp,WC Board
RQ-133,Individual claimants (self-represented),Claimant (self)
